time,travelReason,trips
1:00 AM,travelToWork,611.4692649
1:00 AM,returnHomeFromWork,4070.971784
1:00 AM,travelToClass,0
1:00 AM,returnHomeFromNonworkLoc,7827.259472
1:00 AM,otherTrip,4069.999028
1:05 AM,travelToWork,580.8699666
1:05 AM,returnHomeFromWork,4559.909688
1:05 AM,travelToClass,0
1:05 AM,returnHomeFromNonworkLoc,9234.7426
1:05 AM,otherTrip,4597.870998
1:10 AM,travelToWork,562.5103877
1:10 AM,returnHomeFromWork,5499.499462
1:10 AM,travelToClass,0
1:10 AM,returnHomeFromNonworkLoc,10805.32886
1:10 AM,otherTrip,5566.353226
1:15 AM,travelToWork,538.0309491
1:15 AM,returnHomeFromWork,5042.995662
1:15 AM,travelToClass,0
1:15 AM,returnHomeFromNonworkLoc,9860.67732
1:15 AM,otherTrip,5959.68852
1:20 AM,travelToWork,513.5515105
1:20 AM,returnHomeFromWork,4738.002655
1:20 AM,travelToClass,0
1:20 AM,returnHomeFromNonworkLoc,9354.795653
1:20 AM,otherTrip,5387.543176
1:25 AM,travelToWork,445.2841789
1:25 AM,returnHomeFromWork,4753.205814
1:25 AM,travelToClass,0
1:25 AM,returnHomeFromNonworkLoc,8227.71212
1:25 AM,otherTrip,5551.78178
1:30 AM,travelToWork,401.4962859
1:30 AM,returnHomeFromWork,4743.972925
1:30 AM,travelToClass,0
1:30 AM,returnHomeFromNonworkLoc,7674.703089
1:30 AM,otherTrip,5543.091415
1:35 AM,travelToWork,383.4934994
1:35 AM,returnHomeFromWork,4753.953616
1:35 AM,travelToClass,0
1:35 AM,returnHomeFromNonworkLoc,7256.693222
1:35 AM,otherTrip,5483.076717
1:40 AM,travelToWork,365.4907129
1:40 AM,returnHomeFromWork,5022.96
1:40 AM,travelToClass,0
1:40 AM,returnHomeFromNonworkLoc,7452.636084
1:40 AM,otherTrip,4979.573584
1:45 AM,travelToWork,347.4879264
1:45 AM,returnHomeFromWork,4919.656895
1:45 AM,travelToClass,0
1:45 AM,returnHomeFromNonworkLoc,6423.949543
1:45 AM,otherTrip,4817.188983
1:50 AM,travelToWork,373.2730329
1:50 AM,returnHomeFromWork,6484.160578
1:50 AM,travelToClass,0
1:50 AM,returnHomeFromNonworkLoc,6991.74656
1:50 AM,otherTrip,4737.276179
1:55 AM,travelToWork,345.0316181
1:55 AM,returnHomeFromWork,8027.885323
1:55 AM,travelToClass,0
1:55 AM,returnHomeFromNonworkLoc,7263.314867
1:55 AM,otherTrip,4249.236383
2:00 AM,travelToWork,291.0050967
2:00 AM,returnHomeFromWork,9526.107707
2:00 AM,travelToClass,0
2:00 AM,returnHomeFromNonworkLoc,7134.931679
2:00 AM,otherTrip,3270.126865
2:05 AM,travelToWork,236.9785753
2:05 AM,returnHomeFromWork,10784.38371
2:05 AM,travelToClass,0
2:05 AM,returnHomeFromNonworkLoc,6297.001004
2:05 AM,otherTrip,3243.909893
2:10 AM,travelToWork,182.952054
2:10 AM,returnHomeFromWork,11875.70984
2:10 AM,travelToClass,0
2:10 AM,returnHomeFromNonworkLoc,5678.906807
2:10 AM,otherTrip,3111.86017
2:15 AM,travelToWork,128.9255326
2:15 AM,returnHomeFromWork,10664.56908
2:15 AM,travelToClass,0
2:15 AM,returnHomeFromNonworkLoc,4071.670645
2:15 AM,otherTrip,2587.408478
2:20 AM,travelToWork,164.6166863
2:20 AM,returnHomeFromWork,9598.472681
2:20 AM,travelToClass,0
2:20 AM,returnHomeFromNonworkLoc,3556.12808
2:20 AM,otherTrip,3093.505745
2:25 AM,travelToWork,223.0492102
2:25 AM,returnHomeFromWork,7654.778304
2:25 AM,travelToClass,0
2:25 AM,returnHomeFromNonworkLoc,3393.090729
2:25 AM,otherTrip,3207.42842
2:30 AM,travelToWork,281.4817341
2:30 AM,returnHomeFromWork,5943.579416
2:30 AM,travelToClass,0
2:30 AM,returnHomeFromNonworkLoc,4001.252078
2:30 AM,otherTrip,3073.169112
2:35 AM,travelToWork,339.914258
2:35 AM,returnHomeFromWork,4507.789403
2:35 AM,travelToClass,0
2:35 AM,returnHomeFromNonworkLoc,4383.526561
2:35 AM,otherTrip,2500.472238
2:40 AM,travelToWork,344.4625321
2:40 AM,returnHomeFromWork,3423.842008
2:40 AM,travelToClass,0
2:40 AM,returnHomeFromNonworkLoc,4308.777924
2:40 AM,otherTrip,2356.636079
2:45 AM,travelToWork,362.6556283
2:45 AM,returnHomeFromWork,2167.058247
2:45 AM,travelToClass,0
2:45 AM,returnHomeFromNonworkLoc,3634.215211
2:45 AM,otherTrip,1708.385084
2:50 AM,travelToWork,362.6556283
2:50 AM,returnHomeFromWork,1998.410333
2:50 AM,travelToClass,0
2:50 AM,returnHomeFromNonworkLoc,3271.953128
2:50 AM,otherTrip,2824.629166
2:55 AM,travelToWork,1474.565779
2:55 AM,returnHomeFromWork,1970.086143
2:55 AM,travelToClass,0
2:55 AM,returnHomeFromNonworkLoc,2033.132648
2:55 AM,otherTrip,7817.395864
3:00 AM,travelToWork,2855.130235
3:00 AM,returnHomeFromWork,2082.395252
3:00 AM,travelToClass,0
3:00 AM,returnHomeFromNonworkLoc,1379.421673
3:00 AM,otherTrip,8423.431746
3:05 AM,travelToWork,4488.852164
3:05 AM,returnHomeFromWork,2271.372829
3:05 AM,travelToClass,0
3:05 AM,returnHomeFromNonworkLoc,1319.887617
3:05 AM,otherTrip,8911.537354
3:10 AM,travelToWork,6124.837873
3:10 AM,returnHomeFromWork,2592.374395
3:10 AM,travelToClass,0
3:10 AM,returnHomeFromNonworkLoc,1509.853179
3:10 AM,otherTrip,8348.952507
3:15 AM,travelToWork,6295.641239
3:15 AM,returnHomeFromWork,2622.858597
3:15 AM,travelToClass,0
3:15 AM,returnHomeFromNonworkLoc,1659.886571
3:15 AM,otherTrip,8343.923381
3:20 AM,travelToWork,8076.076181
3:20 AM,returnHomeFromWork,2825.043442
3:20 AM,travelToClass,0
3:20 AM,returnHomeFromNonworkLoc,2502.950345
3:20 AM,otherTrip,9415.551186
3:25 AM,travelToWork,9612.974772
3:25 AM,returnHomeFromWork,2861.503583
3:25 AM,travelToClass,0
3:25 AM,returnHomeFromNonworkLoc,2792.592395
3:25 AM,otherTrip,9791.19662
3:30 AM,travelToWork,11243.05254
3:30 AM,returnHomeFromWork,2874.474715
3:30 AM,travelToClass,0
3:30 AM,returnHomeFromNonworkLoc,2855.396718
3:30 AM,otherTrip,9812.095998
3:35 AM,travelToWork,13080.58995
3:35 AM,returnHomeFromWork,2887.445846
3:35 AM,travelToClass,0
3:35 AM,returnHomeFromNonworkLoc,2786.478326
3:35 AM,otherTrip,11738.73895
3:40 AM,travelToWork,14917.86074
3:40 AM,returnHomeFromWork,2993.359669
3:40 AM,travelToClass,0
3:40 AM,returnHomeFromNonworkLoc,2717.559934
3:40 AM,otherTrip,12308.60907
3:45 AM,travelToWork,15188.73252
3:45 AM,returnHomeFromWork,2920.059368
3:45 AM,travelToClass,0
3:45 AM,returnHomeFromNonworkLoc,2055.788297
3:45 AM,otherTrip,12313.43335
3:50 AM,travelToWork,17554.97068
3:50 AM,returnHomeFromWork,3023.422085
3:50 AM,travelToClass,0
3:50 AM,returnHomeFromNonworkLoc,1878.450431
3:50 AM,otherTrip,13054.35346
3:55 AM,travelToWork,18940.822
3:55 AM,returnHomeFromWork,3332.740922
3:55 AM,travelToClass,0
3:55 AM,returnHomeFromNonworkLoc,1934.7385
3:55 AM,otherTrip,13490.42024
4:00 AM,travelToWork,20149.91907
4:00 AM,returnHomeFromWork,3590.124362
4:00 AM,travelToClass,0
4:00 AM,returnHomeFromNonworkLoc,1954.048821
4:00 AM,otherTrip,14006.90329
4:05 AM,travelToWork,21202.3211
4:05 AM,returnHomeFromWork,3776.306901
4:05 AM,travelToClass,0
4:05 AM,returnHomeFromNonworkLoc,1973.359142
4:05 AM,otherTrip,15295.72851
4:10 AM,travelToWork,23308.84514
4:10 AM,returnHomeFromWork,3989.675574
4:10 AM,travelToClass,0
4:10 AM,returnHomeFromNonworkLoc,1987.841883
4:10 AM,otherTrip,16823.86801
4:15 AM,travelToWork,22978.75939
4:15 AM,returnHomeFromWork,3977.22643
4:15 AM,travelToClass,0
4:15 AM,returnHomeFromNonworkLoc,2011.979784
4:15 AM,otherTrip,17852.28013
4:20 AM,travelToWork,26890.96889
4:20 AM,returnHomeFromWork,3855.727911
4:20 AM,travelToClass,0
4:20 AM,returnHomeFromNonworkLoc,1440.54928
4:20 AM,otherTrip,20372.34627
4:25 AM,travelToWork,29311.69144
4:25 AM,returnHomeFromWork,3493.428421
4:25 AM,travelToClass,0
4:25 AM,returnHomeFromNonworkLoc,869.1187753
4:25 AM,otherTrip,21118.22196
4:30 AM,travelToWork,32623.00809
4:30 AM,returnHomeFromWork,3079.912299
4:30 AM,travelToClass,0
4:30 AM,returnHomeFromNonworkLoc,385.1301369
4:30 AM,otherTrip,21656.00449
4:35 AM,travelToWork,36578.58908
4:35 AM,returnHomeFromWork,2738.176132
4:35 AM,travelToClass,0
4:35 AM,returnHomeFromNonworkLoc,464.233233
4:35 AM,otherTrip,22287.38333
4:40 AM,travelToWork,42369.01673
4:40 AM,returnHomeFromWork,2474.082578
4:40 AM,travelToClass,0
4:40 AM,returnHomeFromNonworkLoc,459.229971
4:40 AM,otherTrip,23179.8129
4:45 AM,travelToWork,43992.58851
4:45 AM,returnHomeFromWork,2091.038688
4:45 AM,travelToClass,0
4:45 AM,returnHomeFromNonworkLoc,509.1608866
4:45 AM,otherTrip,23288.28145
4:50 AM,travelToWork,55182.64759
4:50 AM,returnHomeFromWork,2527.352725
4:50 AM,travelToClass,793.1447398
4:50 AM,returnHomeFromNonworkLoc,700.1936702
4:50 AM,otherTrip,28465.32227
4:55 AM,travelToWork,63704.47048
4:55 AM,returnHomeFromWork,2959.636257
4:55 AM,travelToClass,793.1447398
4:55 AM,returnHomeFromNonworkLoc,838.7613341
4:55 AM,otherTrip,31671.31064
5:00 AM,travelToWork,71088.65318
5:00 AM,returnHomeFromWork,3359.785488
5:00 AM,travelToClass,758.8006215
5:00 AM,returnHomeFromNonworkLoc,863.3964993
5:00 AM,otherTrip,35202.96496
5:05 AM,travelToWork,80052.52138
5:05 AM,returnHomeFromWork,3825.024973
5:05 AM,travelToClass,1192.743309
5:05 AM,returnHomeFromNonworkLoc,914.2642244
5:05 AM,otherTrip,39986.52452
5:10 AM,travelToWork,90733.09934
5:10 AM,returnHomeFromWork,4166.1053
5:10 AM,travelToClass,1485.863687
5:10 AM,returnHomeFromNonworkLoc,943.5067644
5:10 AM,otherTrip,44295.50528
5:15 AM,travelToWork,92331.9202
5:15 AM,returnHomeFromWork,3980.564066
5:15 AM,travelToClass,1465.399779
5:15 AM,returnHomeFromNonworkLoc,831.6474364
5:15 AM,otherTrip,44575.54717
5:20 AM,travelToWork,106686.2271
5:20 AM,returnHomeFromWork,4025.208417
5:20 AM,travelToClass,1503.724159
5:20 AM,returnHomeFromNonworkLoc,1000.181948
5:20 AM,otherTrip,51003.92803
5:25 AM,travelToWork,119133.0963
5:25 AM,returnHomeFromWork,4059.225386
5:25 AM,travelToClass,1562.655011
5:25 AM,returnHomeFromNonworkLoc,1337.153858
5:25 AM,otherTrip,56133.6461
5:30 AM,travelToWork,130440.8727
5:30 AM,returnHomeFromWork,4170.484959
5:30 AM,travelToClass,1206.535393
5:30 AM,returnHomeFromNonworkLoc,1559.089526
5:30 AM,otherTrip,59670.22542
5:35 AM,travelToWork,143779.6703
5:35 AM,returnHomeFromWork,4290.032421
5:35 AM,travelToClass,988.4959938
5:35 AM,returnHomeFromNonworkLoc,1748.770899
5:35 AM,otherTrip,66539.16086
5:40 AM,travelToWork,158275.6177
5:40 AM,returnHomeFromWork,4347.311828
5:40 AM,travelToClass,1169.094422
5:40 AM,returnHomeFromNonworkLoc,2326.771062
5:40 AM,otherTrip,74603.08065
5:45 AM,travelToWork,159286.9101
5:45 AM,returnHomeFromWork,4257.910854
5:45 AM,travelToClass,1290.904563
5:45 AM,returnHomeFromNonworkLoc,2642.419684
5:45 AM,otherTrip,77313.74213
5:50 AM,travelToWork,179814.2662
5:50 AM,returnHomeFromWork,6783.321244
5:50 AM,travelToClass,2624.117943
5:50 AM,returnHomeFromNonworkLoc,3370.124894
5:50 AM,otherTrip,88192.3784
5:55 AM,travelToWork,192965.5924
5:55 AM,returnHomeFromWork,8766.436084
5:55 AM,travelToClass,4019.584784
5:55 AM,returnHomeFromNonworkLoc,3842.32205
5:55 AM,otherTrip,96665.66152
6:00 AM,travelToWork,205471.2478
6:00 AM,returnHomeFromWork,10973.70991
6:00 AM,travelToClass,5631.574838
6:00 AM,returnHomeFromNonworkLoc,4275.791872
6:00 AM,otherTrip,102329.5157
6:05 AM,travelToWork,224109.346
6:05 AM,returnHomeFromWork,13060.06398
6:05 AM,travelToClass,7789.54342
6:05 AM,returnHomeFromNonworkLoc,4595.321394
6:05 AM,otherTrip,111187.3131
6:10 AM,travelToWork,244498.5574
6:10 AM,returnHomeFromWork,15046.62801
6:10 AM,travelToClass,10702.57224
6:10 AM,returnHomeFromNonworkLoc,5146.53336
6:10 AM,otherTrip,121434.7736
6:15 AM,travelToWork,246083.3727
6:15 AM,returnHomeFromWork,14461.14237
6:15 AM,travelToClass,13130.58304
6:15 AM,returnHomeFromNonworkLoc,5069.589158
6:15 AM,otherTrip,124671.607
6:20 AM,travelToWork,270620.9551
6:20 AM,returnHomeFromWork,15718.67203
6:20 AM,travelToClass,20395.6003
6:20 AM,returnHomeFromNonworkLoc,6852.129233
6:20 AM,otherTrip,140826.8591
6:25 AM,travelToWork,288826.4857
6:25 AM,returnHomeFromWork,16414.07954
6:25 AM,travelToClass,28522.78883
6:25 AM,returnHomeFromNonworkLoc,8588.036707
6:25 AM,otherTrip,155111.3861
6:30 AM,travelToWork,304280.2328
6:30 AM,returnHomeFromWork,17292.67487
6:30 AM,travelToClass,39921.28824
6:30 AM,returnHomeFromNonworkLoc,10186.38083
6:30 AM,otherTrip,167426.8073
6:35 AM,travelToWork,327445.551
6:35 AM,returnHomeFromWork,18217.97741
6:35 AM,travelToClass,53977.06814
6:35 AM,returnHomeFromNonworkLoc,10076.14295
6:35 AM,otherTrip,183433.9912
6:40 AM,travelToWork,350096.9153
6:40 AM,returnHomeFromWork,18603.78896
6:40 AM,travelToClass,72614.68417
6:40 AM,returnHomeFromNonworkLoc,10744.67426
6:40 AM,otherTrip,197384.0809
6:45 AM,travelToWork,353134.5705
6:45 AM,returnHomeFromWork,17583.78502
6:45 AM,travelToClass,87001.25063
6:45 AM,returnHomeFromNonworkLoc,10367.15536
6:45 AM,otherTrip,200180.8393
6:50 AM,travelToWork,384053.0379
6:50 AM,returnHomeFromWork,18873.35618
6:50 AM,travelToClass,116324.4527
6:50 AM,returnHomeFromNonworkLoc,10913.13074
6:50 AM,otherTrip,223736.3248
6:55 AM,travelToWork,397496.0783
6:55 AM,returnHomeFromWork,18551.70833
6:55 AM,travelToClass,139270.9825
6:55 AM,returnHomeFromNonworkLoc,11179.92141
6:55 AM,otherTrip,237617.4987
7:00 AM,travelToWork,405633.7706
7:00 AM,returnHomeFromWork,18787.78984
7:00 AM,travelToClass,162616.5203
7:00 AM,returnHomeFromNonworkLoc,13377.00592
7:00 AM,otherTrip,248113.5286
7:05 AM,travelToWork,420920.324
7:05 AM,returnHomeFromWork,19308.98947
7:05 AM,travelToClass,187278.5035
7:05 AM,returnHomeFromNonworkLoc,15162.22711
7:05 AM,otherTrip,267786.4396
7:10 AM,travelToWork,440437.7509
7:10 AM,returnHomeFromWork,19405.76879
7:10 AM,travelToClass,214623.534
7:10 AM,returnHomeFromNonworkLoc,16680.13905
7:10 AM,otherTrip,290363.2479
7:15 AM,travelToWork,435580.9424
7:15 AM,returnHomeFromWork,17253.2016
7:15 AM,travelToClass,224688.9278
7:15 AM,returnHomeFromNonworkLoc,17412.45322
7:15 AM,otherTrip,292287.2695
7:20 AM,travelToWork,465775.7305
7:20 AM,returnHomeFromWork,17543.50468
7:20 AM,travelToClass,253721.4193
7:20 AM,returnHomeFromNonworkLoc,19707.02022
7:20 AM,otherTrip,317330.4342
7:25 AM,travelToWork,483371.5834
7:25 AM,returnHomeFromWork,16799.22139
7:25 AM,travelToClass,268459.8474
7:25 AM,returnHomeFromNonworkLoc,22098.03048
7:25 AM,otherTrip,328931.6439
7:30 AM,travelToWork,497504.0197
7:30 AM,returnHomeFromWork,16928.12902
7:30 AM,travelToClass,280746.9229
7:30 AM,returnHomeFromNonworkLoc,24163.35567
7:30 AM,otherTrip,336468.0539
7:35 AM,travelToWork,514656.7314
7:35 AM,returnHomeFromWork,16992.66518
7:35 AM,travelToClass,291337.3357
7:35 AM,returnHomeFromNonworkLoc,26962.54843
7:35 AM,otherTrip,351116.1349
7:40 AM,travelToWork,526081.735
7:40 AM,returnHomeFromWork,16980.63733
7:40 AM,travelToClass,300338.1681
7:40 AM,returnHomeFromNonworkLoc,29934.55088
7:40 AM,otherTrip,366740.5521
7:45 AM,travelToWork,510852.2736
7:45 AM,returnHomeFromWork,16105.23417
7:45 AM,travelToClass,285791.8719
7:45 AM,returnHomeFromNonworkLoc,31733.51881
7:45 AM,otherTrip,364234.7553
7:50 AM,travelToWork,524094.399
7:50 AM,returnHomeFromWork,16743.31415
7:50 AM,travelToClass,293684.8842
7:50 AM,returnHomeFromNonworkLoc,36603.02638
7:50 AM,otherTrip,402894.0521
7:55 AM,travelToWork,510806.9357
7:55 AM,returnHomeFromWork,15928.98726
7:55 AM,travelToClass,281872.6223
7:55 AM,returnHomeFromNonworkLoc,40990.02492
7:55 AM,otherTrip,421594.1293
8:00 AM,travelToWork,489572.9902
8:00 AM,returnHomeFromWork,15498.00859
8:00 AM,travelToClass,264021.7528
8:00 AM,returnHomeFromNonworkLoc,47598.72398
8:00 AM,otherTrip,428514.5138
8:05 AM,travelToWork,476937.5048
8:05 AM,returnHomeFromWork,15408.21879
8:05 AM,travelToClass,249311.304
8:05 AM,returnHomeFromNonworkLoc,52696.56169
8:05 AM,otherTrip,442147.6924
8:10 AM,travelToWork,462469.4242
8:10 AM,returnHomeFromWork,15323.83582
8:10 AM,travelToClass,240057.3735
8:10 AM,returnHomeFromNonworkLoc,54265.15998
8:10 AM,otherTrip,456690.2786
8:15 AM,travelToWork,427812.6864
8:15 AM,returnHomeFromWork,14118.65021
8:15 AM,travelToClass,216639.8897
8:15 AM,returnHomeFromNonworkLoc,52030.45541
8:15 AM,otherTrip,436076.0538
8:20 AM,travelToWork,423151.1015
8:20 AM,returnHomeFromWork,14175.13912
8:20 AM,travelToClass,217237.7168
8:20 AM,returnHomeFromNonworkLoc,52183.74642
8:20 AM,otherTrip,451779.6788
8:25 AM,travelToWork,401754.8347
8:25 AM,returnHomeFromWork,13410.44809
8:25 AM,travelToClass,210274.5435
8:25 AM,returnHomeFromNonworkLoc,49180.30102
8:25 AM,otherTrip,450630.5253
8:30 AM,travelToWork,376017.3883
8:30 AM,returnHomeFromWork,12840.63238
8:30 AM,travelToClass,200605.311
8:30 AM,returnHomeFromNonworkLoc,47734.37808
8:30 AM,otherTrip,443553.5077
8:35 AM,travelToWork,357676.3311
8:35 AM,returnHomeFromWork,12394.28416
8:35 AM,travelToClass,194819.9395
8:35 AM,returnHomeFromNonworkLoc,51151.70832
8:35 AM,otherTrip,453379.4385
8:40 AM,travelToWork,335589.9669
8:40 AM,returnHomeFromWork,11895.44508
8:40 AM,travelToClass,184396.393
8:40 AM,returnHomeFromNonworkLoc,54274.71742
8:40 AM,otherTrip,463097.694
8:45 AM,travelToWork,302181.1022
8:45 AM,returnHomeFromWork,10565.08722
8:45 AM,travelToClass,159197.6946
8:45 AM,returnHomeFromNonworkLoc,55394.8042
8:45 AM,otherTrip,446134.0458
8:50 AM,travelToWork,289398.1011
8:50 AM,returnHomeFromWork,10591.33569
8:50 AM,travelToClass,145043.9228
8:50 AM,returnHomeFromNonworkLoc,62626.54207
8:50 AM,otherTrip,482691.2322
8:55 AM,travelToWork,260906.6844
8:55 AM,returnHomeFromWork,9919.942083
8:55 AM,travelToClass,119537.462
8:55 AM,returnHomeFromNonworkLoc,68513.59699
8:55 AM,otherTrip,491996.5894
9:00 AM,travelToWork,228897.4806
9:00 AM,returnHomeFromWork,9122.438746
9:00 AM,travelToClass,89203.34741
9:00 AM,returnHomeFromNonworkLoc,71579.25728
9:00 AM,otherTrip,481027.7325
9:05 AM,travelToWork,200826.8439
9:05 AM,returnHomeFromWork,8525.391716
9:05 AM,travelToClass,64890.90671
9:05 AM,returnHomeFromNonworkLoc,74983.1526
9:05 AM,otherTrip,478222.1071
9:10 AM,travelToWork,171728.4392
9:10 AM,returnHomeFromWork,8211.328212
9:10 AM,travelToClass,45907.00059
9:10 AM,returnHomeFromNonworkLoc,77106.82852
9:10 AM,otherTrip,474992.2488
9:15 AM,travelToWork,139408.5337
9:15 AM,returnHomeFromWork,7531.576141
9:15 AM,travelToClass,27772.53504
9:15 AM,returnHomeFromNonworkLoc,71514.8776
9:15 AM,otherTrip,430230.992
9:20 AM,travelToWork,127992.7663
9:20 AM,returnHomeFromWork,7537.572879
9:20 AM,travelToClass,23481.24529
9:20 AM,returnHomeFromNonworkLoc,69506.83727
9:20 AM,otherTrip,432484.1973
9:25 AM,travelToWork,115099.8538
9:25 AM,returnHomeFromWork,7157.550963
9:25 AM,travelToClass,20710.72533
9:25 AM,returnHomeFromNonworkLoc,65665.55744
9:25 AM,otherTrip,422355.1046
9:30 AM,travelToWork,104220.1133
9:30 AM,returnHomeFromWork,6625.377207
9:30 AM,travelToClass,19127.89874
9:30 AM,returnHomeFromNonworkLoc,62217.32737
9:30 AM,otherTrip,408478.6208
9:35 AM,travelToWork,99004.96682
9:35 AM,returnHomeFromWork,6185.384954
9:35 AM,travelToClass,19039.54731
9:35 AM,returnHomeFromNonworkLoc,62254.14909
9:35 AM,otherTrip,406406.626
9:40 AM,travelToWork,95486.67472
9:40 AM,returnHomeFromWork,5419.063668
9:40 AM,travelToClass,18730.79554
9:40 AM,returnHomeFromNonworkLoc,61609.28328
9:40 AM,otherTrip,410394.3436
9:45 AM,travelToWork,87070.57217
9:45 AM,returnHomeFromWork,4661.211543
9:45 AM,travelToClass,17235.85571
9:45 AM,returnHomeFromNonworkLoc,57853.27078
9:45 AM,otherTrip,391887.62
9:50 AM,travelToWork,86165.70845
9:50 AM,returnHomeFromWork,4952.037243
9:50 AM,travelToClass,18703.20996
9:50 AM,returnHomeFromNonworkLoc,63300.66321
9:50 AM,otherTrip,431856.7155
9:55 AM,travelToWork,79719.72346
9:55 AM,returnHomeFromWork,5225.891731
9:55 AM,travelToClass,19361.89982
9:55 AM,returnHomeFromNonworkLoc,67388.08945
9:55 AM,otherTrip,454155.995
10:00 AM,travelToWork,73609.93604
10:00 AM,returnHomeFromWork,5416.11886
10:00 AM,travelToClass,19318.02546
10:00 AM,returnHomeFromNonworkLoc,70003.98167
10:00 AM,otherTrip,466544.1686
10:05 AM,travelToWork,68313.28155
10:05 AM,returnHomeFromWork,5735.617019
10:05 AM,travelToClass,19414.14104
10:05 AM,returnHomeFromNonworkLoc,74075.18226
10:05 AM,otherTrip,485601.5086
10:10 AM,travelToWork,63766.03325
10:10 AM,returnHomeFromWork,5912.178461
10:10 AM,travelToClass,19876.20715
10:10 AM,returnHomeFromNonworkLoc,77593.32417
10:10 AM,otherTrip,501235.333
10:15 AM,travelToWork,56097.48936
10:15 AM,returnHomeFromWork,5428.474302
10:15 AM,travelToClass,18244.77751
10:15 AM,returnHomeFromNonworkLoc,74533.17028
10:15 AM,otherTrip,467583.4267
10:20 AM,travelToWork,56305.73844
10:20 AM,returnHomeFromWork,5804.107007
10:20 AM,travelToClass,17514.71927
10:20 AM,returnHomeFromNonworkLoc,79041.75331
10:20 AM,otherTrip,473653.9667
10:25 AM,travelToWork,54897.89955
10:25 AM,returnHomeFromWork,6114.122423
10:25 AM,travelToClass,15779.76604
10:25 AM,returnHomeFromNonworkLoc,81202.94765
10:25 AM,otherTrip,466516.2964
10:30 AM,travelToWork,53369.675
10:30 AM,returnHomeFromWork,6466.435686
10:30 AM,travelToClass,14475.14736
10:30 AM,returnHomeFromNonworkLoc,84634.39064
10:30 AM,otherTrip,451303.7215
10:35 AM,travelToWork,53520.60113
10:35 AM,returnHomeFromWork,6935.801747
10:35 AM,travelToClass,13747.56495
10:35 AM,returnHomeFromNonworkLoc,95666.18889
10:35 AM,otherTrip,442779.6174
10:40 AM,travelToWork,52634.1737
10:40 AM,returnHomeFromWork,7538.6674
10:40 AM,travelToClass,13284.51192
10:40 AM,returnHomeFromNonworkLoc,106637.5981
10:40 AM,otherTrip,438152.6068
10:45 AM,travelToWork,50613.01708
10:45 AM,returnHomeFromWork,7299.261551
10:45 AM,travelToClass,12285.37288
10:45 AM,returnHomeFromNonworkLoc,110857.9546
10:45 AM,otherTrip,411124.7803
10:50 AM,travelToWork,53094.6732
10:50 AM,returnHomeFromWork,8489.940514
10:50 AM,travelToClass,13251.46127
10:50 AM,returnHomeFromNonworkLoc,123280.3653
10:50 AM,otherTrip,437962.7386
10:55 AM,travelToWork,52221.37475
10:55 AM,returnHomeFromWork,9352.117866
10:55 AM,travelToClass,13159.15696
10:55 AM,returnHomeFromNonworkLoc,132355.2212
10:55 AM,otherTrip,450672.0792
11:00 AM,travelToWork,50389.31015
11:00 AM,returnHomeFromWork,9777.988588
11:00 AM,travelToClass,13333.11517
11:00 AM,returnHomeFromNonworkLoc,137235.2592
11:00 AM,otherTrip,459957.7863
11:05 AM,travelToWork,50130.24184
11:05 AM,returnHomeFromWork,10096.28755
11:05 AM,travelToClass,12527.16501
11:05 AM,returnHomeFromNonworkLoc,145550.5779
11:05 AM,otherTrip,480436.3293
11:10 AM,travelToWork,47295.02161
11:10 AM,returnHomeFromWork,10884.1518
11:10 AM,travelToClass,11944.21339
11:10 AM,returnHomeFromNonworkLoc,152358.4514
11:10 AM,otherTrip,497037.2148
11:15 AM,travelToWork,41954.44165
11:15 AM,returnHomeFromWork,10408.08407
11:15 AM,travelToClass,10750.40872
11:15 AM,returnHomeFromNonworkLoc,149839.4535
11:15 AM,otherTrip,469932.8183
11:20 AM,travelToWork,42246.88441
11:20 AM,returnHomeFromWork,12188.24578
11:20 AM,travelToClass,10857.22781
11:20 AM,returnHomeFromNonworkLoc,158628.9316
11:20 AM,otherTrip,484547.7392
11:25 AM,travelToWork,41454.99062
11:25 AM,returnHomeFromWork,14158.96824
11:25 AM,travelToClass,9793.762882
11:25 AM,returnHomeFromNonworkLoc,159815.3267
11:25 AM,otherTrip,480762.2062
11:30 AM,travelToWork,40413.12424
11:30 AM,returnHomeFromWork,15957.04616
11:30 AM,travelToClass,9805.851718
11:30 AM,returnHomeFromNonworkLoc,160358.7529
11:30 AM,otherTrip,469658.0564
11:35 AM,travelToWork,41144.7764
11:35 AM,returnHomeFromWork,17834.02286
11:35 AM,travelToClass,10071.27361
11:35 AM,returnHomeFromNonworkLoc,166595.4944
11:35 AM,otherTrip,467365.9748
11:40 AM,travelToWork,40843.08167
11:40 AM,returnHomeFromWork,20225.60832
11:40 AM,travelToClass,9394.327406
11:40 AM,returnHomeFromNonworkLoc,171907.2805
11:40 AM,otherTrip,467082.0942
11:45 AM,travelToWork,38362.29848
11:45 AM,returnHomeFromWork,21284.71102
11:45 AM,travelToClass,8527.188872
11:45 AM,returnHomeFromNonworkLoc,169274.1643
11:45 AM,otherTrip,437838.3231
11:50 AM,travelToWork,38371.95554
11:50 AM,returnHomeFromWork,24362.82175
11:50 AM,travelToClass,9288.653604
11:50 AM,returnHomeFromNonworkLoc,180016.1895
11:50 AM,otherTrip,465327.4428
11:55 AM,travelToWork,37023.93984
11:55 AM,returnHomeFromWork,27121.94521
11:55 AM,travelToClass,9534.714042
11:55 AM,returnHomeFromNonworkLoc,184594.1804
11:55 AM,otherTrip,474525.1883
12:00 PM,travelToWork,36583.65219
12:00 PM,returnHomeFromWork,29138.82407
12:00 PM,travelToClass,9711.072598
12:00 PM,returnHomeFromNonworkLoc,184384.1169
12:00 PM,otherTrip,478918.6455
12:05 PM,travelToWork,38944.87615
12:05 PM,returnHomeFromWork,29898.00037
12:05 PM,travelToClass,10925.48386
12:05 PM,returnHomeFromNonworkLoc,189512.3806
12:05 PM,otherTrip,491269.0993
12:10 PM,travelToWork,42727.57771
12:10 PM,returnHomeFromWork,29303.99293
12:10 PM,travelToClass,11741.85435
12:10 PM,returnHomeFromNonworkLoc,187698.7363
12:10 PM,otherTrip,499940.1921
12:15 PM,travelToWork,44424.41357
12:15 PM,returnHomeFromWork,27128.90938
12:15 PM,travelToClass,12084.97942
12:15 PM,returnHomeFromNonworkLoc,175062.3862
12:15 PM,otherTrip,464055.8161
12:20 PM,travelToWork,51255.98459
12:20 PM,returnHomeFromWork,27215.815
12:20 PM,travelToClass,12893.04382
12:20 PM,returnHomeFromNonworkLoc,173725.3327
12:20 PM,otherTrip,472516.548
12:25 PM,travelToWork,54256.78665
12:25 PM,returnHomeFromWork,26306.81116
12:25 PM,travelToClass,12696.63727
12:25 PM,returnHomeFromNonworkLoc,168164.9168
12:25 PM,otherTrip,464748.342
12:30 PM,travelToWork,56226.06842
12:30 PM,returnHomeFromWork,26105.86606
12:30 PM,travelToClass,12568.03406
12:30 PM,returnHomeFromNonworkLoc,161220.834
12:30 PM,otherTrip,453631.6589
12:35 PM,travelToWork,58565.14096
12:35 PM,returnHomeFromWork,26771.62672
12:35 PM,travelToClass,12878.07952
12:35 PM,returnHomeFromNonworkLoc,162257.2964
12:35 PM,otherTrip,451469.626
12:40 PM,travelToWork,63255.59033
12:40 PM,returnHomeFromWork,26909.7675
12:40 PM,travelToClass,12680.45276
12:40 PM,returnHomeFromNonworkLoc,162673.3612
12:40 PM,otherTrip,446661.109
12:45 PM,travelToWork,63839.94816
12:45 PM,returnHomeFromWork,25440.43461
12:45 PM,travelToClass,12386.27537
12:45 PM,returnHomeFromNonworkLoc,153174.5999
12:45 PM,otherTrip,412690.3464
12:50 PM,travelToWork,69943.2944
12:50 PM,returnHomeFromWork,29332.71044
12:50 PM,travelToClass,12881.05802
12:50 PM,returnHomeFromNonworkLoc,156844.4624
12:50 PM,otherTrip,431666.9304
12:55 PM,travelToWork,70510.92249
12:55 PM,returnHomeFromWork,32749.20116
12:55 PM,travelToClass,12250.76475
12:55 PM,returnHomeFromNonworkLoc,153717.3639
12:55 PM,otherTrip,433759.3759
1:00 PM,travelToWork,68221.56037
1:00 PM,returnHomeFromWork,35634.1621
1:00 PM,travelToClass,11069.1985
1:00 PM,returnHomeFromNonworkLoc,149343.322
1:00 PM,otherTrip,429809.5451
1:05 PM,travelToWork,64939.21213
1:05 PM,returnHomeFromWork,38939.83984
1:05 PM,travelToClass,9867.329165
1:05 PM,returnHomeFromNonworkLoc,150207.4794
1:05 PM,otherTrip,439048.5807
1:10 PM,travelToWork,61251.34085
1:10 PM,returnHomeFromWork,41578.80345
1:10 PM,travelToClass,8545.620882
1:10 PM,returnHomeFromNonworkLoc,151483.7859
1:10 PM,otherTrip,447330.9185
1:15 PM,travelToWork,54472.58278
1:15 PM,returnHomeFromWork,39552.43776
1:15 PM,travelToClass,6751.615663
1:15 PM,returnHomeFromNonworkLoc,141469.6869
1:15 PM,otherTrip,415660.3009
1:20 PM,travelToWork,56536.95884
1:20 PM,returnHomeFromWork,39876.6341
1:20 PM,travelToClass,5947.036038
1:20 PM,returnHomeFromNonworkLoc,147174.9534
1:20 PM,otherTrip,427151.0831
1:25 PM,travelToWork,56812.87481
1:25 PM,returnHomeFromWork,39496.19407
1:25 PM,travelToClass,5312.989816
1:25 PM,returnHomeFromNonworkLoc,146108.7221
1:25 PM,otherTrip,423034.0356
1:30 PM,travelToWork,55792.91168
1:30 PM,returnHomeFromWork,39010.71809
1:30 PM,travelToClass,4888.115735
1:30 PM,returnHomeFromNonworkLoc,143706.6713
1:30 PM,otherTrip,419448.4993
1:35 PM,travelToWork,57378.09328
1:35 PM,returnHomeFromWork,39443.20883
1:35 PM,travelToClass,4450.345493
1:35 PM,returnHomeFromNonworkLoc,147045.1537
1:35 PM,otherTrip,422602.8962
1:40 PM,travelToWork,58596.58846
1:40 PM,returnHomeFromWork,39559.07459
1:40 PM,travelToClass,4228.741692
1:40 PM,returnHomeFromNonworkLoc,154138.6544
1:40 PM,otherTrip,424221.5412
1:45 PM,travelToWork,55737.24683
1:45 PM,returnHomeFromWork,37228.00837
1:45 PM,travelToClass,3679.873863
1:45 PM,returnHomeFromNonworkLoc,151524.9789
1:45 PM,otherTrip,397132.3877
1:50 PM,travelToWork,57968.85352
1:50 PM,returnHomeFromWork,46055.8835
1:50 PM,travelToClass,3104.433883
1:50 PM,returnHomeFromNonworkLoc,174236.4812
1:50 PM,otherTrip,420229.1964
1:55 PM,travelToWork,57408.65412
1:55 PM,returnHomeFromWork,54397.26633
1:55 PM,travelToClass,2617.731383
1:55 PM,returnHomeFromNonworkLoc,190149.3414
1:55 PM,otherTrip,421785.5517
2:00 PM,travelToWork,54514.95507
2:00 PM,returnHomeFromWork,62560.33541
2:00 PM,travelToClass,2315.345867
2:00 PM,returnHomeFromNonworkLoc,204310.4377
2:00 PM,otherTrip,419921.1056
2:05 PM,travelToWork,53156.14651
2:05 PM,returnHomeFromWork,71478.06
2:05 PM,travelToClass,2111.809887
2:05 PM,returnHomeFromNonworkLoc,221834.2887
2:05 PM,otherTrip,430724.2311
2:10 PM,travelToWork,51370.14456
2:10 PM,returnHomeFromWork,80145.10807
2:10 PM,travelToClass,1887.66124
2:10 PM,returnHomeFromNonworkLoc,236560.6827
2:10 PM,otherTrip,439851.7754
2:15 PM,travelToWork,47438.40954
2:15 PM,returnHomeFromWork,78394.40357
2:15 PM,travelToClass,1753.058246
2:15 PM,returnHomeFromNonworkLoc,231332.077
2:15 PM,otherTrip,411130.9454
2:20 PM,travelToWork,49069.51698
2:20 PM,returnHomeFromWork,85447.78402
2:20 PM,travelToClass,1870.913776
2:20 PM,returnHomeFromNonworkLoc,259875.9865
2:20 PM,otherTrip,429084.0218
2:25 PM,travelToWork,49551.83602
2:25 PM,returnHomeFromWork,89314.74239
2:25 PM,travelToClass,1939.540876
2:25 PM,returnHomeFromNonworkLoc,277282.2612
2:25 PM,otherTrip,434287.1425
2:30 PM,travelToWork,49908.61917
2:30 PM,returnHomeFromWork,93100.65958
2:30 PM,travelToClass,2377.962529
2:30 PM,returnHomeFromNonworkLoc,295598.7565
2:30 PM,otherTrip,434658.6063
2:35 PM,travelToWork,51182.8973
2:35 PM,returnHomeFromWork,99777.96455
2:35 PM,travelToClass,3005.719302
2:35 PM,returnHomeFromNonworkLoc,330053.9601
2:35 PM,otherTrip,451292.908
2:40 PM,travelToWork,50822.48355
2:40 PM,returnHomeFromWork,105502.0949
2:40 PM,travelToClass,3419.946144
2:40 PM,returnHomeFromNonworkLoc,368174.6024
2:40 PM,otherTrip,467982.2738
2:45 PM,travelToWork,46795.83628
2:45 PM,returnHomeFromWork,102634.2702
2:45 PM,travelToClass,3703.591161
2:45 PM,returnHomeFromNonworkLoc,376473.4373
2:45 PM,otherTrip,447825.5393
2:50 PM,travelToWork,47881.12629
2:50 PM,returnHomeFromWork,116453.6864
2:50 PM,travelToClass,4583.531956
2:50 PM,returnHomeFromNonworkLoc,427647.8177
2:50 PM,otherTrip,483155.9964
2:55 PM,travelToWork,45988.83798
2:55 PM,returnHomeFromWork,127796.0316
2:55 PM,travelToClass,4848.444962
2:55 PM,returnHomeFromNonworkLoc,454425.3882
2:55 PM,otherTrip,496737.8225
3:00 PM,travelToWork,43748.9087
3:00 PM,returnHomeFromWork,137418.7686
3:00 PM,travelToClass,5134.250715
3:00 PM,returnHomeFromNonworkLoc,474419.0639
3:00 PM,otherTrip,498600.1148
3:05 PM,travelToWork,42934.35552
3:05 PM,returnHomeFromWork,150884.7844
3:05 PM,travelToClass,5467.944351
3:05 PM,returnHomeFromNonworkLoc,496055.4092
3:05 PM,otherTrip,512153.4619
3:10 PM,travelToWork,42182.25724
3:10 PM,returnHomeFromWork,162947.2929
3:10 PM,travelToClass,5591.582757
3:10 PM,returnHomeFromNonworkLoc,509289.9941
3:10 PM,otherTrip,525957.8919
3:15 PM,travelToWork,38014.36337
3:15 PM,returnHomeFromWork,160794.3617
3:15 PM,travelToClass,5114.139947
3:15 PM,returnHomeFromNonworkLoc,482849.4011
3:15 PM,otherTrip,493715.8212
3:20 PM,travelToWork,39513.44949
3:20 PM,returnHomeFromWork,184395.9913
3:20 PM,travelToClass,5187.624586
3:20 PM,returnHomeFromNonworkLoc,488692.5782
3:20 PM,otherTrip,501913.7169
3:25 PM,travelToWork,38849.11924
3:25 PM,returnHomeFromWork,204424.7025
3:25 PM,travelToClass,4977.982821
3:25 PM,returnHomeFromNonworkLoc,469244.2971
3:25 PM,otherTrip,496911.5406
3:30 PM,travelToWork,38238.44772
3:30 PM,returnHomeFromWork,221987.3985
3:30 PM,travelToClass,4926.434824
3:30 PM,returnHomeFromNonworkLoc,445742.5139
3:30 PM,otherTrip,491374.9241
3:35 PM,travelToWork,39179.47706
3:35 PM,returnHomeFromWork,242945.9266
3:35 PM,travelToClass,5204.682102
3:35 PM,returnHomeFromNonworkLoc,426610.2735
3:35 PM,otherTrip,499969.9676
3:40 PM,travelToWork,38796.88344
3:40 PM,returnHomeFromWork,260619.7643
3:40 PM,travelToClass,5465.53572
3:40 PM,returnHomeFromNonworkLoc,401308.1644
3:40 PM,otherTrip,509053.3373
3:45 PM,travelToWork,34655.31323
3:45 PM,returnHomeFromWork,251099.5634
3:45 PM,travelToClass,5502.983039
3:45 PM,returnHomeFromNonworkLoc,355916.8245
3:45 PM,otherTrip,493281.6235
3:50 PM,travelToWork,34809.54529
3:50 PM,returnHomeFromWork,270990.6773
3:50 PM,travelToClass,6291.623537
3:50 PM,returnHomeFromNonworkLoc,346951.456
3:50 PM,otherTrip,524739.3121
3:55 PM,travelToWork,32668.45744
3:55 PM,returnHomeFromWork,282614.6959
3:55 PM,travelToClass,6607.966445
3:55 PM,returnHomeFromNonworkLoc,323494.2566
3:55 PM,otherTrip,537433.3138
4:00 PM,travelToWork,30116.74081
4:00 PM,returnHomeFromWork,294074.4274
4:00 PM,travelToClass,6817.734028
4:00 PM,returnHomeFromNonworkLoc,305818.0092
4:00 PM,otherTrip,542778.757
4:05 PM,travelToWork,28680.86802
4:05 PM,returnHomeFromWork,309017.2587
4:05 PM,travelToClass,6921.508397
4:05 PM,returnHomeFromNonworkLoc,301541.0706
4:05 PM,otherTrip,553600.7316
4:10 PM,travelToWork,27420.39099
4:10 PM,returnHomeFromWork,325734.9007
4:10 PM,travelToClass,6988.303274
4:10 PM,returnHomeFromNonworkLoc,299597.6348
4:10 PM,otherTrip,563061.3347
4:15 PM,travelToWork,24143.59719
4:15 PM,returnHomeFromWork,312204.7475
4:15 PM,travelToClass,6483.763415
4:15 PM,returnHomeFromNonworkLoc,275817.3404
4:15 PM,otherTrip,535372.3544
4:20 PM,travelToWork,23870.25573
4:20 PM,returnHomeFromWork,329118.29
4:20 PM,travelToClass,6714.810846
4:20 PM,returnHomeFromNonworkLoc,279618.6315
4:20 PM,otherTrip,541892.9715
4:25 PM,travelToWork,21910.04086
4:25 PM,returnHomeFromWork,335345.6845
4:25 PM,travelToClass,6925.791247
4:25 PM,returnHomeFromNonworkLoc,268971.5507
4:25 PM,otherTrip,529922.1653
4:30 PM,travelToWork,20422.31863
4:30 PM,returnHomeFromWork,341393.3463
4:30 PM,travelToClass,7116.859461
4:30 PM,returnHomeFromNonworkLoc,254277.0002
4:30 PM,otherTrip,518176.2011
4:35 PM,travelToWork,20161.43559
4:35 PM,returnHomeFromWork,353523.4729
4:35 PM,travelToClass,7421.471272
4:35 PM,returnHomeFromNonworkLoc,251397.52
4:35 PM,otherTrip,520699.6289
4:40 PM,travelToWork,19716.65329
4:40 PM,returnHomeFromWork,366377.786
4:40 PM,travelToClass,7631.897596
4:40 PM,returnHomeFromNonworkLoc,251593.5974
4:40 PM,otherTrip,523083.539
4:45 PM,travelToWork,18724.15658
4:45 PM,returnHomeFromWork,354594.5157
4:45 PM,travelToClass,7565.121898
4:45 PM,returnHomeFromNonworkLoc,230634.8337
4:45 PM,otherTrip,502039.5566
4:50 PM,travelToWork,20789.29845
4:50 PM,returnHomeFromWork,391879.8763
4:50 PM,travelToClass,8668.214016
4:50 PM,returnHomeFromNonworkLoc,238917.3686
4:50 PM,otherTrip,541307.4196
4:55 PM,travelToWork,21176.90352
4:55 PM,returnHomeFromWork,419577.9701
4:55 PM,travelToClass,9652.540427
4:55 PM,returnHomeFromNonworkLoc,242151.6611
4:55 PM,otherTrip,560180.8715
5:00 PM,travelToWork,20816.83892
5:00 PM,returnHomeFromWork,444630.5287
5:00 PM,travelToClass,10354.74979
5:00 PM,returnHomeFromNonworkLoc,239731.4824
5:00 PM,otherTrip,572071.9086
5:05 PM,travelToWork,21139.11527
5:05 PM,returnHomeFromWork,474183.5196
5:05 PM,travelToClass,11782.08242
5:05 PM,returnHomeFromNonworkLoc,240050.6225
5:05 PM,otherTrip,593418.0739
5:10 PM,travelToWork,21039.48513
5:10 PM,returnHomeFromWork,500154.0372
5:10 PM,travelToClass,13061.03861
5:10 PM,returnHomeFromNonworkLoc,243926.3584
5:10 PM,otherTrip,612959.7665
5:15 PM,travelToWork,19617.09576
5:15 PM,returnHomeFromWork,481958.2993
5:15 PM,travelToClass,12810.72381
5:15 PM,returnHomeFromNonworkLoc,225364.9191
5:15 PM,otherTrip,582508.2391
5:20 PM,travelToWork,19931.64151
5:20 PM,returnHomeFromWork,488142.2525
5:20 PM,travelToClass,13132.5685
5:20 PM,returnHomeFromNonworkLoc,223902.4162
5:20 PM,otherTrip,595139.8999
5:25 PM,travelToWork,19566.62585
5:25 PM,returnHomeFromWork,480246.8428
5:25 PM,travelToClass,12889.42702
5:25 PM,returnHomeFromNonworkLoc,215993.872
5:25 PM,otherTrip,584952.6725
5:30 PM,travelToWork,18900.11218
5:30 PM,returnHomeFromWork,470784.8918
5:30 PM,travelToClass,12283.42171
5:30 PM,returnHomeFromNonworkLoc,210573.577
5:30 PM,otherTrip,570808.9425
5:35 PM,travelToWork,18307.28215
5:35 PM,returnHomeFromWork,468352.0886
5:35 PM,travelToClass,12109.11042
5:35 PM,returnHomeFromNonworkLoc,207982.1229
5:35 PM,otherTrip,567411.3975
5:40 PM,travelToWork,17018.39991
5:40 PM,returnHomeFromWork,459236.3311
5:40 PM,travelToClass,11916.62216
5:40 PM,returnHomeFromNonworkLoc,211811.8105
5:40 PM,otherTrip,570163.98
5:45 PM,travelToWork,15280.07553
5:45 PM,returnHomeFromWork,429679.3908
5:45 PM,travelToClass,10999.02736
5:45 PM,returnHomeFromNonworkLoc,202835.3973
5:45 PM,otherTrip,545143.7493
5:50 PM,travelToWork,15988.65239
5:50 PM,returnHomeFromWork,428953.9742
5:50 PM,travelToClass,10680.05091
5:50 PM,returnHomeFromNonworkLoc,213923.5249
5:50 PM,otherTrip,570759.5333
5:55 PM,travelToWork,15341.19329
5:55 PM,returnHomeFromWork,412161.2426
5:55 PM,travelToClass,9458.172233
5:55 PM,returnHomeFromNonworkLoc,212926.872
5:55 PM,otherTrip,570318.9504
6:00 PM,travelToWork,14699.82315
6:00 PM,returnHomeFromWork,390128.6711
6:00 PM,travelToClass,7944.883634
6:00 PM,returnHomeFromNonworkLoc,211337.894
6:00 PM,otherTrip,561767.0409
6:05 PM,travelToWork,14879.1839
6:05 PM,returnHomeFromWork,378733.2624
6:05 PM,travelToClass,6494.556461
6:05 PM,returnHomeFromNonworkLoc,210423.8629
6:05 PM,otherTrip,558460.6341
6:10 PM,travelToWork,15477.87818
6:10 PM,returnHomeFromWork,365296.8753
6:10 PM,travelToClass,5212.361543
6:10 PM,returnHomeFromNonworkLoc,209670.7248
6:10 PM,otherTrip,549851.9672
6:15 PM,travelToWork,14142.84872
6:15 PM,returnHomeFromWork,331715.6972
6:15 PM,travelToClass,3838.725391
6:15 PM,returnHomeFromNonworkLoc,193869.3512
6:15 PM,otherTrip,503353.9381
6:20 PM,travelToWork,14448.63827
6:20 PM,returnHomeFromWork,320462.2796
6:20 PM,travelToClass,3266.90447
6:20 PM,returnHomeFromNonworkLoc,195676.8093
6:20 PM,otherTrip,504185.6081
6:25 PM,travelToWork,14108.62286
6:25 PM,returnHomeFromWork,296822.6685
6:25 PM,travelToClass,2888.5823
6:25 PM,returnHomeFromNonworkLoc,190376.0166
6:25 PM,otherTrip,484250.7123
6:30 PM,travelToWork,13724.48614
6:30 PM,returnHomeFromWork,271663.9318
6:30 PM,travelToClass,3111.392603
6:30 PM,returnHomeFromNonworkLoc,186959.0466
6:30 PM,otherTrip,461765.4164
6:35 PM,travelToWork,13269.75222
6:35 PM,returnHomeFromWork,252325.4826
6:35 PM,travelToClass,3612.439165
6:35 PM,returnHomeFromNonworkLoc,185346.801
6:35 PM,otherTrip,451904.3477
6:40 PM,travelToWork,12471.93921
6:40 PM,returnHomeFromWork,231141.4006,
6:40 PM,travelToClass,178.364147
6:40 PM,returnHomeFromNonworkLoc,181765.8266
6:40 PM,otherTrip,445425.2008
6:45 PM,travelToWork,10991.43591
6:45 PM,returnHomeFromWork,201545.7404
6:45 PM,travelToClass,4525.251913
6:45 PM,returnHomeFromNonworkLoc,167816.0147
6:45 PM,otherTrip,407721.458
6:50 PM,travelToWork,10304.29948
6:50 PM,returnHomeFromWork,195174.2028
6:50 PM,travelToClass,4539.870796
6:50 PM,returnHomeFromNonworkLoc,175997.1224
6:50 PM,otherTrip,418852.0114
6:55 PM,travelToWork,9306.652237
6:55 PM,returnHomeFromWork,180134.8393
6:55 PM,travelToClass,3617.014792
6:55 PM,returnHomeFromNonworkLoc,174342.5608
6:55 PM,otherTrip,409777.4775
7:00 PM,travelToWork,8272.214718
7:00 PM,returnHomeFromWork,166877.0163
7:00 PM,travelToClass,2684.061189
7:00 PM,returnHomeFromNonworkLoc,174701.061
7:00 PM,otherTrip,395948.3967
